glucose,biomass,co2,acetate,glycerin,pyruvate,ethanol,citrate
0.4,32.6766665736804,0.282448639537208,0.138324789046193,10.176962972546,1.87883542292239,0,0.470462051673618,0
13.07,22.2535409612247,4.14925019237614,7.04651325859118,9.96328888238664,0.381907295619371,0,2.83024810342625,0
14.67,20.0836585008429,4.77504048419247,8.51633111017907,10.2220887160831,0,0,2.97902181693574,0
16.07,16.6359810881567,6.24242761130561,10.0055647014802,10.436844291196,0,0,3.35013682264051,0
17.62,13.5269237989727,7.14932325242436,11.8566495595787,10.437077168338,0,0,4.11741507172957,0
19.08,7.68108163875667,8.48505220732186,13.7817058759691,10.4536620815201,0,2.19685474397584,4.80891360773507,0
20.53,2.80765712106455,10.1714365161291,15.801314259064,10.8270866720122,0.387968567895703,2.34527589367609,5.66632242267137,0.0144237131462069
22.07,0.347501406446681,11.3390640924957,17.4324592576108,10.6817055841139,0.456528131024097,2.46852318602614,5.29373877376027,0.0142076922710112
