glucose,biomass,co2,acetate,glycerin,pyruvate,ethanol,citrate
0,34.1544904670892,0,0.952173385502771,10.1837131763163,1.86975793318357,0,0.629009602328142,0
13,17.7729281227913,4.18519506031158,5.03397940291604,10.4942999739283,1.24148445731681,1.09649369660579,5.7568640158268,0
14.5,11.8704189224765,4.94654956928175,9.96303152094176,10.5259496852636,1.31371730604605,0,7.3364053405436,0
16,9.44514187841459,5.84549413896818,14.9156297207494,10.0439410994191,1.14790865533223,0,7.51052881126269,0
17.5,4.27584931069478,6.55155609511281,19.2327954190337,10.4859518224433,0.958853298498783,1.57024084588699,8.53279639332817,0
19,0.668646815093933,6.75866507434298,21.8238825679254,10.3327475612599,0.581112599872285,1.73424241918442,8.56549548868245,0
20.5,0.345314832847216,8.43046830145114,23.3738067569384,10.9249919022824,0.39608770102443,1.7195578081935,7.20084201694752,0.0137526614427316
22,0,8.1072973334862,25.1561256022615,10.614920296031,0.358085134934091,1.61563499779894,6.94366975525039,0
